Metric,Subject,Correlation,P_Value,Significant,N_Points
Spanning_Mixed_Metric,Human,-0.3709912551164748,0.4690437173860749,False,6
Spanning_Mixed_Metric,Llama 3.1 70B,-0.31615523972469417,0.5415676522648555,False,6
Spanning_Mixed_Metric,Qwen 2.5 32B,-0.47289214828031967,0.34353749999570404,False,6
Spanning_Mixed_Metric,OLMo 13B,-0.33739895033710166,0.5131059940684208,False,6
Spanning_Mixed_Metric,Mistral 7B,-0.5913637260914137,0.21635762758733945,False,6
Spanning_Mixed_Metric,Phi-3 Mini,-0.5327533383767167,0.27647464878972006,False,6
Spanning_Mixed_Metric,InternLM 1.8B,-0.6152755497539429,0.19354726263134694,False,6
